definition,analysis_unit,rank,name,artist,trials,rejections,observed_rate,baseline_rate,excess_rate,choice_rate,score,z_value,p_value,q_value,rejected_tracks,qualifies
strict_forward_skip,session_track,1,No Guidance (feat. Drake),Chris Brown,10,6,0.6,0.19646959095386246,0.4035304090461375,0.07692307692307693,0.37248960835028083,3.8308940156325737,6.383924847578293e-05,0.003551907122641965,,True
strict_forward_skip,session_track,2,Laugh Now Cry Later (feat. Lil Durk),Drake,22,13,0.5909090909090909,0.22945250666390485,0.36145658424518606,0.1,0.32531092582066745,4.690536180616678,1.3624501891309745e-06,9.896686790493051e-05,,True
strict_forward_skip,session_track,3,If You Want Love,NF,12,7,0.5833333333333334,0.17717857563182837,0.406154757701505,0.25,0.30461606827612875,4.221003206003714,1.2160873860235965e-05,0.0008368601353820276,,True
strict_forward_skip,session_track,4,Bloom,Aqyila,20,11,0.55,0.21845070172149889,0.3315492982785011,0.26666666666666666,0.24313615207090084,4.135193405447163,1.7732791009847554e-05,0.001189006371557727,,True
strict_forward_skip,session_track,5,p r i d e . i s . t h e . d e v i l (with Lil Baby),J. Cole,29,14,0.4827586206896552,0.21931394763434753,0.26344467305530767,0.08333333333333333,0.24149095030069867,4.010535597924725,3.0290582662937626e-05,0.0019319481381361438,,True
strict_forward_skip,session_track,6,m y . l i f e (with 21 Savage & Morray),J. Cole,13,7,0.5384615384615384,0.24377992561813816,0.2946816128434003,0.18181818181818182,0.24110313778096384,2.8953551017814365,0.0018936491643636252,0.04716088156962742,,True
strict_forward_skip,session_track,7,WAIT FOR U (feat. Drake & Tems),Future,15,6,0.4,0.07488225521655194,0.32511774478344807,0.25925925925925924,0.2408279590988504,5.303670685066139,5.674849107013589e-08,2.2333562100172805e-05,,True
strict_forward_skip,session_track,8,The Night We Met,Lord Huron,24,13,0.5416666666666666,0.24394115767030167,0.297725508996365,0.2,0.23818040719709202,3.91431241307334,4.5331094422244116e-05,0.002744223956522756,,True
strict_forward_skip,session_track,9,Session 32,Summer Walker,71,19,0.2676056338028169,0.10540665636031453,0.1621989774425024,0.25,0.12164923308187679,4.79357487964878,8.191763366477817e-07,6.120417486668426e-05,,True
strict_forward_skip,recurring_track,1,No Guidance (feat. Drake),Chris Brown,10,6,0.6,0.19410553219991014,0.40589446780008986,0.07692307692307693,0.3746718164308522,3.8611188429429864,5.643449175395664e-05,0.003429379696583458,,True
strict_forward_skip,recurring_track,2,Laugh Now Cry Later (feat. Lil Durk),Drake,22,13,0.5909090909090909,0.22559124020587118,0.36531785070321976,0.10344827586206896,0.327526348906335,4.754731566883984,9.935513106810178e-07,7.417570213741426e-05,,True
strict_forward_skip,recurring_track,3,If You Want Love,NF,11,6,0.5454545454545454,0.18573536146809566,0.3597191839864498,0.26666666666666666,0.2637940682567299,3.5416855985310756,0.00019878952441314423,0.007544310898213761,,True
strict_forward_skip,recurring_track,4,WAIT FOR U (feat. Drake & Tems),Future,14,6,0.42857142857142855,0.07419145672067139,0.35437997185075715,0.2692307692307692,0.2589699794293995,5.583113465315574,1.181252502200428e-08,6.173225576499437e-06,,True
strict_forward_skip,recurring_track,5,p r i d e . i s . t h e . d e v i l (with Lil Baby),J. Cole,27,13,0.48148148148148145,0.21136831539692155,0.27011316608455993,0.08823529411764706,0.24627965143003994,4.001421145080251,3.148158928838616e-05,0.0021052458462265354,,True
strict_forward_skip,recurring_track,6,The Night We Met,Lord Huron,24,13,0.5416666666666666,0.24305757332275987,0.2986090933439068,0.18181818181818182,0.2443165309177419,3.9396534280147044,4.0799701555105486e-05,0.002600234638133918,,True
strict_forward_skip,recurring_artist,1,Eyob Mekonen,Eyob Mekonen,37,22,0.5945945945945946,0.2484383024280497,0.34615629216654487,0.09523809523809523,0.31318902624592154,5.66881822424056,7.1892906551551805e-09,2.5665767638903996e-06,12,True
strict_forward_skip,recurring_artist,2,21 Savage,21 Savage,41,17,0.4146341463414634,0.19666257381368424,0.21797157252777918,0.2,0.17437725802222337,4.061512908581152,2.4377860909899136e-05,0.0010238701582157637,6,True
strict_forward_skip,recurring_artist,3,Ed Sheeran,Ed Sheeran,33,11,0.3333333333333333,0.17625836577120535,0.157074967562128,0.23076923076923078,0.12082689812471382,2.729199818828675,0.0031744110557838413,0.045330589876593254,5,True
expanded_direct_replacement,session_track,1,No Guidance (feat. Drake),Chris Brown,11,7,0.6363636363636364,0.22214045346507563,0.41422318289856075,0.07692307692307693,0.382359861137133,3.7458025078701795,8.99090079417512e-05,0.013651184372489224,,True
expanded_direct_replacement,session_track,2,Go Crazy,Chris Brown,11,8,0.7272727272727273,0.3226464581199115,0.4046262691528158,0.125,0.3540479855087138,3.1956021565772303,0.0006976968748294184,0.026171896769576625,,True
expanded_direct_replacement,session_track,3,Doves In The Wind (feat. Kendrick Lamar),SZA,10,5,0.5,0.13586009938824803,0.36413990061175194,0.07692307692307693,0.3361291390262326,3.5317841149974885,0.00020638309285419236,0.02484626478060006,,True
expanded_direct_replacement,session_track,4,Laugh Now Cry Later (feat. Lil Durk),Drake,23,14,0.6086956521739131,0.2554744200782177,0.35322123209569534,0.1,0.3178991088861258,4.3740807707053735,6.0972612848126635e-06,0.003069181389522765,,True
expanded_direct_replacement,session_track,5,If You Want Love,NF,12,7,0.5833333333333334,0.20016946719054488,0.38316386614278847,0.25,0.28737289960709134,3.7105098213271472,0.00010342113567970972,0.014876313884876141,,True
expanded_direct_replacement,session_track,6,m y . l i f e (with 21 Savage & Morray),J. Cole,15,9,0.6,0.2519628103752878,0.3480371896247122,0.18181818181818182,0.28475770060203726,3.51704617229128,0.0002181889333093309,0.02484626478060006,,True
expanded_direct_replacement,session_track,7,Arcade,Duncan Laurence,12,6,0.5,0.2005900156484126,0.2994099843515874,0.07142857142857142,0.2780235568979026,2.8930268084419137,0.0019077436452808556,0.03906774234048048,,True
expanded_direct_replacement,session_track,8,p r i d e . i s . t h e . d e v i l (with Lil Baby),J. Cole,31,16,0.5161290322580645,0.24379945777172243,0.2723295744863421,0.08333333333333333,0.2496354432791469,3.981675714780441,3.421555162227813e-05,0.0071931617372066265,,True
expanded_direct_replacement,session_track,9,WAIT FOR U (feat. Drake & Tems),Future,17,8,0.47058823529411764,0.1456477559805679,0.3249404793135498,0.25925925925925924,0.2406966513433702,4.1000103039138,2.065658718755308e-05,0.005645445278358257,,True
expanded_direct_replacement,session_track,10,Bloom,Aqyila,21,12,0.5714285714285714,0.25391782321198536,0.3175107482165861,0.26666666666666666,0.23284121535882982,3.767314458424954,8.250654816699011e-05,0.013294950297713284,,True
expanded_direct_replacement,session_track,11,Pop Out (feat. Lil Tjay),Polo G,17,9,0.5294117647058824,0.2669979633766286,0.26241380132925374,0.16,0.22042759311657315,2.754440645822033,0.0029396276392628005,0.04383351796490946,,True
expanded_direct_replacement,session_track,12,The Night We Met,Lord Huron,24,13,0.5416666666666666,0.2684191781403051,0.27324748852636155,0.2,0.21859799082108924,3.395903668490957,0.000342012143513993,0.026171896769576625,,True
expanded_direct_replacement,session_track,13,Say It,Tory Lanez,14,5,0.35714285714285715,0.12234309334036111,0.23479976380249604,0.15789473684210525,0.19772611688631245,2.792414940450423,0.0026158110156741083,0.04383351796490946,,True
expanded_direct_replacement,session_track,14,Session 32,Summer Walker,73,21,0.2876712328767123,0.1418938490926002,0.14577738378411212,0.25,0.1093330378380841,3.766735024076208,8.269819065536987e-05,0.013294950297713284,,True
expanded_direct_replacement,recurring_track,1,No Guidance (feat. Drake),Chris Brown,11,7,0.6363636363636364,0.21910497822322347,0.4172586581404129,0.07692307692307693,0.38516183828345807,3.789719009470834,7.540889511572027e-05,0.012861929673175038,,True
expanded_direct_replacement,recurring_track,2,Go Crazy,Chris Brown,11,8,0.7272727272727273,0.3160921106509873,0.41118061662174,0.13333333333333333,0.356356534405508,3.2561649410173263,0.0005646406412284495,0.025888663034112122,,True
expanded_direct_replacement,recurring_track,3,Laugh Now Cry Later (feat. Lil Durk),Drake,23,14,0.6086956521739131,0.2505475827452746,0.3581480694286384,0.10344827586206896,0.3210982691429172,4.461078389288068,4.077412588809893e-06,0.002414761451552621,,True
expanded_direct_replacement,recurring_track,4,Arcade,Duncan Laurence,11,6,0.5454545454545454,0.20874585144155022,0.33670869401299525,0.07692307692307693,0.31080802524276485,3.0927221985571727,0.000991648487604101,0.025888663034112122,,True
expanded_direct_replacement,recurring_track,5,m y . l i f e (with 21 Savage & Morray),J. Cole,14,8,0.5714285714285714,0.2279448687624702,0.34348370266610123,0.19047619047619047,0.27805823549160574,3.4584993266247115,0.0002715968152960061,0.025888663034112122,,True
expanded_direct_replacement,recurring_track,6,WAIT FOR U (feat. Drake & Tems),Future,16,8,0.5,0.14494843010839326,0.35505156989160674,0.2692307692307692,0.25946076261309725,4.334846854163079,7.2930816282199655e-06,0.0026623457978710787,,True
expanded_direct_replacement,recurring_track,7,p r i d e . i s . t h e . d e v i l (with Lil Baby),J. Cole,29,15,0.5172413793103449,0.23451269801285,0.28272868129749484,0.08823529411764706,0.2577820329477159,4.042083708406151,2.6489156018480667e-05,0.006571718797675794,,True
expanded_direct_replacement,recurring_track,8,If You Want Love,NF,11,6,0.5454545454545454,0.2083013657376746,0.33715317971687087,0.26666666666666666,0.2472456651257053,3.1042404841652944,0.0009538410138020194,0.025888663034112122,,True
expanded_direct_replacement,recurring_track,9,The Night We Met,Lord Huron,24,13,0.5416666666666666,0.26711006363647183,0.27455660303019486,0.18181818181818182,0.2246372206610685,3.4278601740941657,0.0003041793561770516,0.025888663034112122,,True
expanded_direct_replacement,recurring_track,10,Pop Out (feat. Lil Tjay),Polo G,17,9,0.5294117647058824,0.26477979834222726,0.2646319663636551,0.16666666666666666,0.22052663863637925,2.794010690456859,0.0026029378830071045,0.03841991596405489,,True
expanded_direct_replacement,recurring_track,11,Say It,Tory Lanez,14,5,0.35714285714285715,0.11900559772736519,0.23813725941549196,0.15789473684210525,0.2005366395077827,2.8521738518216715,0.002171067276189239,0.037767359957817256,,True
expanded_direct_replacement,recurring_track,12,The Box,Roddy Ricch,25,9,0.36,0.1448436636870957,0.21515633631290426,0.28205128205128205,0.1544712158143928,3.316319416178482,0.0004560575685399347,0.025888663034112122,,True
expanded_direct_replacement,recurring_artist,1,Eyob Mekonen,Eyob Mekonen,40,25,0.625,0.27702089363081683,0.34797910636918317,0.09523809523809523,0.3148382390959276,5.569948461854035,1.2740734934972612e-08,4.701331191004894e-06,12,True
expanded_direct_replacement,recurring_artist,2,21 Savage,21 Savage,45,21,0.4666666666666667,0.2289686622279414,0.23769800443872527,0.2,0.19015840355098024,4.2467133468569385,1.0846460568830933e-05,0.0011435268428281755,7,True
expanded_direct_replacement,recurring_artist,3,Ed Sheeran,Ed Sheeran,36,14,0.3888888888888889,0.19913942563276688,0.189749463256122,0.23076923076923078,0.1459611255816323,3.1704831804040166,0.0007609282151884742,0.021298247067550735,8,True
expanded_direct_replacement,recurring_artist,4,Roddy Ricch,Roddy Ricch,40,13,0.325,0.1652232003662451,0.1597767996337549,0.2545454545454545,0.11910634154516275,2.986575376962206,0.0014106063957991255,0.024209942327901267,2,True
